{
    "mass": 1.535,
    "rotational_drag": [
        0.00,
        0.00,
        0.00
    ],
    "translational_drag": [
        -0.0,
        -0.0,
        -0.0
    ],
    "gravity": [
        0,
        0,
        -9.81
    ],
    "kinv_ang_vel_tau": [
        16.6,
        16.6,
        5.0
    ],
    "inertia": [
        0.03003348,
        0.03057600,
        0.05755302
    ],
    "tau_rotate": 0.1,
    "tau_translate": 0.05
}