{
    "mass": 2.0329999774694443,
    "rotational_drag": [
        0.30,
        0.30,
        0.30
    ],
    "translational_drag": [
        -3.0,
        -3.0,
        -3.0
    ],
    "gravity": [
        0,
        0,
        -9.81
    ],
    "kinv_ang_vel_tau": [
        16.6,
        16.6,
        5.0
    ],
    "inertia": [
        0.341334,
        0.341334,
        0.341334
    ]
}